{
  "ProductPage" : {
    "transaction" : "ProductPage",
    "sampleCount" : 1000,
    "errorCount" : 0,
    "errorPct" : 0.0,
    "meanResTime" : 248.5039999999997,
    "medianResTime" : 63.5,
    "minResTime" : 10.0,
    "maxResTime" : 919.0,
    "pct1ResTime" : 507.0,
    "pct2ResTime" : 591.3999999999992,
    "pct3ResTime" : 846.0,
    "throughput" : 109.40919037199124,
    "receivedKBytesPerSec" : 61.75635940919037,
    "sentKBytesPerSec" : 12.287164934354484
  },
  "HomePage" : {
    "transaction" : "HomePage",
    "sampleCount" : 1000,
    "errorCount" : 831,
    "errorPct" : 83.1,
    "meanResTime" : 3260.0249999999996,
    "medianResTime" : 3313.0,
    "minResTime" : 120.0,
    "maxResTime" : 7085.0,
    "pct1ResTime" : 4588.8,
    "pct2ResTime" : 7057.0,
    "pct3ResTime" : 7074.99,
    "throughput" : 92.68699601445918,
    "receivedKBytesPerSec" : 52.31746454722403,
    "sentKBytesPerSec" : 10.409184122717583
  },
  "Total" : {
    "transaction" : "Total",
    "sampleCount" : 4000,
    "errorCount" : 831,
    "errorPct" : 20.775,
    "meanResTime" : 1002.9665000000001,
    "medianResTime" : 433.0,
    "minResTime" : 10.0,
    "maxResTime" : 7085.0,
    "pct1ResTime" : 3447.8,
    "pct2ResTime" : 4001.8999999999996,
    "pct3ResTime" : 7060.98,
    "throughput" : 369.48087936449286,
    "receivedKBytesPerSec" : 208.554636985036,
    "sentKBytesPerSec" : 41.49443469425457
  },
  "AboutPage" : {
    "transaction" : "AboutPage",
    "sampleCount" : 1000,
    "errorCount" : 0,
    "errorPct" : 0.0,
    "meanResTime" : 280.1349999999992,
    "medianResTime" : 63.0,
    "minResTime" : 10.0,
    "maxResTime" : 1057.0,
    "pct1ResTime" : 729.0,
    "pct2ResTime" : 852.8499999999998,
    "pct3ResTime" : 920.98,
    "throughput" : 108.93246187363835,
    "receivedKBytesPerSec" : 61.48726851851852,
    "sentKBytesPerSec" : 12.23362608932462
  },
  "CustomerPage" : {
    "transaction" : "CustomerPage",
    "sampleCount" : 1000,
    "errorCount" : 0,
    "errorPct" : 0.0,
    "meanResTime" : 223.20200000000006,
    "medianResTime" : 61.0,
    "minResTime" : 10.0,
    "maxResTime" : 931.0,
    "pct1ResTime" : 491.0,
    "pct2ResTime" : 513.9499999999999,
    "pct3ResTime" : 796.9300000000001,
    "throughput" : 109.8297638660077,
    "receivedKBytesPerSec" : 61.99375343218012,
    "sentKBytesPerSec" : 12.334397309170784
  }
}